{"stats":{"minecraft:mined":{"minecraft:grass_block":3,"minecraft:oak_log":1,"minecraft:oak_leaves":1,"minecraft:dirt":2},"minecraft:picked_up":{"minecraft:oak_log":1,"minecraft:dirt":5},"minecraft:used":{"minecraft:oak_log":1,"minecraft:dirt":4},"minecraft:custom":{"minecraft:jump":8,"minecraft:time_since_rest":722,"minecraft:crouch_one_cm":311,"minecraft:play_one_minute":722,"minecraft:leave_game":2,"minecraft:time_since_death":722,"minecraft:walk_one_cm":932,"minecraft:sneak_time":211}},"DataVersion":2586}