{"stats":{"minecraft:custom":{"minecraft:jump":16,"minecraft:time_since_rest":1790,"minecraft:crouch_one_cm":440,"minecraft:play_one_minute":1790,"minecraft:leave_game":3,"minecraft:time_since_death":1790,"minecraft:walk_one_cm":1567,"minecraft:sneak_time":257},"minecraft:mined":{"minecraft:grass_block":4,"minecraft:oak_log":1,"minecraft:oak_leaves":2,"minecraft:dirt":2},"minecraft:picked_up":{"minecraft:oak_log":1,"minecraft:dirt":6},"minecraft:used":{"minecraft:oak_log":1,"alexsmobs:animal_dictionary":1,"minecraft:dirt":5}},"DataVersion":2586}